{
  "image_id": "NgFn1jSNkj022U18uQxfMA==",
  "request_id": "1508601502,be73efa4-4d08-4750-b2fa-fe943f94a3e2",
  "time_used": 414,
  "faces": [
    {
      "landmark": {
        "mouth_upper_lip_left_contour2": {
          "y": 425,
          "x": 805
        },
        "mouth_upper_lip_top": {
          "y": 378,
          "x": 857
        },
        "mouth_upper_lip_left_contour1": {
          "y": 386,
          "x": 835
        },
        "left_eye_upper_left_quarter": {
          "y": 225,
          "x": 431
        },
        "left_eyebrow_lower_middle": {
          "y": 112,
          "x": 415
        },
        "mouth_upper_lip_left_contour3": {
          "y": 427,
          "x": 825
        },
        "left_eyebrow_lower_left_quarter": {
          "y": 153,
          "x": 366
        },
        "right_eyebrow_lower_left_quarter": {
          "y": 16,
          "x": 732
        },
        "right_eye_pupil": {
          "y": 38,
          "x": 760
        },
        "mouth_lower_lip_right_contour1": {
          "y": 412,
          "x": 915
        },
        "mouth_lower_lip_left_contour2": {
          "y": 487,
          "x": 824
        },
        "mouth_lower_lip_right_contour3": {
          "y": 444,
          "x": 935
        },
        "mouth_lower_lip_right_contour2": {
          "y": 412,
          "x": 937
        },
        "contour_chin": {
          "y": 581,
          "x": 961
        },
        "contour_left9": {
          "y": 629,
          "x": 876
        },
        "left_eye_lower_right_quarter": {
          "y": 223,
          "x": 526
        },
        "mouth_lower_lip_top": {
          "y": 438,
          "x": 890
        },
        "right_eyebrow_upper_middle": {
          "y": -30,
          "x": 741
        },
        "right_eyebrow_left_corner": {
          "y": 41,
          "x": 702
        },
        "right_eye_lower_right_quarter": {
          "y": 32,
          "x": 794
        },
        "right_eye_bottom": {
          "y": 52,
          "x": 777
        },
        "contour_left7": {
          "y": 633,
          "x": 695
        },
        "contour_left6": {
          "y": 615,
          "x": 608
        },
        "contour_left5": {
          "y": 582,
          "x": 528
        },
        "contour_left4": {
          "y": 532,
          "x": 457
        },
        "contour_left3": {
          "y": 472,
          "x": 394
        },
        "contour_left2": {
          "y": 406,
          "x": 341
        },
        "contour_left1": {
          "y": 334,
          "x": 295
        },
        "left_eye_lower_left_quarter": {
          "y": 260,
          "x": 451
        },
        "contour_right1": {
          "y": -3,
          "x": 829
        },
        "contour_right3": {
          "y": 106,
          "x": 907
        },
        "contour_right2": {
          "y": 50,
          "x": 869
        },
        "mouth_left_corner": {
          "y": 470,
          "x": 784
        },
        "contour_right4": {
          "y": 170,
          "x": 931
        },
        "contour_right7": {
          "y": 368,
          "x": 965
        },
        "left_eyebrow_left_corner": {
          "y": 200,
          "x": 321
        },
        "nose_right": {
          "y": 223,
          "x": 854
        },
        "nose_tip": {
          "y": 220,
          "x": 797
        },
        "contour_right5": {
          "y": 236,
          "x": 945
        },
        "nose_contour_lower_middle": {
          "y": 292,
          "x": 814
        },
        "right_eye_top": {
          "y": 23,
          "x": 753
        },
        "mouth_lower_lip_left_contour3": {
          "y": 490,
          "x": 868
        },
        "right_eye_right_corner": {
          "y": 10,
          "x": 803
        },
        "mouth_upper_lip_right_contour1": {
          "y": 362,
          "x": 874
        },
        "mouth_upper_lip_right_contour2": {
          "y": 362,
          "x": 903
        },
        "right_eyebrow_lower_right_quarter": {
          "y": -33,
          "x": 786
        },
        "left_eye_left_corner": {
          "y": 269,
          "x": 414
        },
        "mouth_right_corner": {
          "y": 380,
          "x": 926
        },
        "right_eye_lower_left_quarter": {
          "y": 66,
          "x": 752
        },
        "left_eyebrow_right_corner": {
          "y": 43,
          "x": 527
        },
        "left_eyebrow_lower_right_quarter": {
          "y": 79,
          "x": 472
        },
        "right_eye_center": {
          "y": 40,
          "x": 765
        },
        "left_eye_pupil": {
          "y": 217,
          "x": 478
        },
        "nose_left": {
          "y": 329,
          "x": 701
        },
        "mouth_lower_lip_left_contour1": {
          "y": 460,
          "x": 841
        },
        "left_eye_upper_right_quarter": {
          "y": 184,
          "x": 513
        },
        "right_eyebrow_lower_middle": {
          "y": -11,
          "x": 759
        },
        "left_eye_center": {
          "y": 227,
          "x": 482
        },
        "contour_left8": {
          "y": 640,
          "x": 784
        },
        "contour_right9": {
          "y": 511,
          "x": 986
        },
        "right_eye_left_corner": {
          "y": 76,
          "x": 728
        },
        "left_eyebrow_upper_left_quarter": {
          "y": 125,
          "x": 337
        },
        "left_eye_bottom": {
          "y": 245,
          "x": 490
        },
        "left_eye_right_corner": {
          "y": 200,
          "x": 556
        },
        "right_eyebrow_upper_left_quarter": {
          "y": 1,
          "x": 716
        },
        "contour_right8": {
          "y": 438,
          "x": 975
        },
        "right_eyebrow_right_corner": {
          "y": -53,
          "x": 811
        },
        "right_eye_upper_left_quarter": {
          "y": 46,
          "x": 734
        },
        "left_eyebrow_upper_middle": {
          "y": 68,
          "x": 386
        },
        "right_eyebrow_upper_right_quarter": {
          "y": -54,
          "x": 772
        },
        "nose_contour_left1": {
          "y": 143,
          "x": 618
        },
        "nose_contour_left2": {
          "y": 264,
          "x": 686
        },
        "nose_contour_left3": {
          "y": 314,
          "x": 759
        },
        "nose_contour_right1": {
          "y": 90,
          "x": 700
        },
        "nose_contour_right2": {
          "y": 183,
          "x": 807
        },
        "mouth_lower_lip_bottom": {
          "y": 472,
          "x": 911
        },
        "contour_right6": {
          "y": 302,
          "x": 955
        },
        "nose_contour_right3": {
          "y": 257,
          "x": 839
        },
        "left_eye_top": {
          "y": 192,
          "x": 467
        },
        "mouth_upper_lip_right_contour3": {
          "y": 383,
          "x": 896
        },
        "left_eyebrow_upper_right_quarter": {
          "y": 35,
          "x": 454
        },
        "right_eye_upper_right_quarter": {
          "y": 11,
          "x": 777
        },
        "mouth_upper_lip_bottom": {
          "y": 398,
          "x": 867
        }
      },
      "attributes": {
        "emotion": {
          "sadness": 0.957,
          "neutral": 14.382,
          "disgust": 66.947,
          "anger": 0.31,
          "surprise": 3.854,
          "fear": 1.835,
          "happiness": 11.715
        },
        "gender": {
          "value": "Female"
        },
        "age": {
          "value": 27
        },
        "eyestatus": {
          "left_eye_status": {
            "normal_glass_eye_open": 0.092,
            "no_glass_eye_close": 0,
            "occlusion": 0.002,
            "no_glass_eye_open": 99.902,
            "normal_glass_eye_close": 0,
            "dark_glasses": 0.005
          },
          "right_eye_status": {
            "normal_glass_eye_open": 0,
            "no_glass_eye_close": 0,
            "occlusion": 41.139,
            "no_glass_eye_open": 58.861,
            "normal_glass_eye_close": 0,
            "dark_glasses": 0
          }
        },
        "glass": {
          "value": "None"
        },
        "headpose": {
          "yaw_angle": -27.664171,
          "pitch_angle": 6.568541,
          "roll_angle": -30.530384
        },
        "blur": {
          "blurness": {
            "threshold": 50,
            "value": 1.266
          },
          "motionblur": {
            "threshold": 50,
            "value": 1.266
          },
          "gaussianblur": {
            "threshold": 50,
            "value": 1.266
          }
        },
        "smile": {
          "threshold": 30.1,
          "value": 7.876
        },
        "facequality": {
          "threshold": 70.1,
          "value": 0.111
        },
        "ethnicity": {
          "value": "White"
        }
      },
      "face_rectangle": {
        "width": 723,
        "top": -40,
        "left": 308,
        "height": 723
      },
      "face_token": "bad76f330ff1aad289d5a50257e6f496"
    }
  ]
}